smooth,年化收益(组合),年化收益(基准),年化超额收益,信息比率,最大回撤(超额),最大回撤(组合),年化单边换手率,月度胜率,回测交易日数
1,-0.04070472998940311,-0.057925097426922756,0.018279191379035664,0.48935608494137,0.03235076252070897,0.24356639856126383,6.715609614831282,0.6666666666666666,481.0
5,-0.05398674051577601,-0.057925097426922756,0.00418051356679805,0.12855319324849482,0.04542402096553358,0.2504419066119411,5.779876265562077,0.4583333333333333,481.0
10,-0.049351645093047125,-0.057925097426922756,0.009100605812190743,0.25738081254276146,0.03892847422864398,0.2532942624037268,4.633569256262631,0.4583333333333333,481.0
20,-0.03970161689598084,-0.057925097426922756,0.019343982608143406,0.5485745769029972,0.030313107156968336,0.25316118180132285,3.188624859136516,0.5,481.0
40,-0.03681127708456389,-0.057925097426922756,0.022412039939383677,0.6990919017762628,0.03291002051893254,0.2543654082168279,2.1868266286143654,0.625,481.0
60,-0.044265107317142616,-0.057925097426922756,0.014499898121126842,0.48802948683294023,0.03549739819018951,0.25761479036582796,1.7867281799148584,0.5833333333333334,481.0
80,-0.04705595665365869,-0.057925097426922756,0.011537448607936929,0.35234086273337967,0.03937388625729356,0.2565067184191325,1.5821739176981926,0.625,481.0
