skip,年化收益(组合),年化收益(基准),年化超额收益,信息比率,最大回撤(超额),最大回撤(组合),年化单边换手率,月度胜率,回测交易日数
0,-0.04507736218240255,-0.057925097426922756,0.013637700366955219,0.36923872362263804,0.027616903226956677,0.24178899926259081,6.368838321665256,0.5416666666666666,481.0
25,-0.03590178157205648,-0.057925097426922756,0.023377457349425423,0.7488910178891662,0.023414400263995327,0.2417745002683515,7.833365782335306,0.4583333333333333,481.0
50,-0.03927056371621107,-0.057925097426922756,0.019801539834848336,0.7594879294460176,0.0247538814728356,0.2352474764406996,8.871753647157064,0.5,481.0
100,-0.023693131760633368,-0.057925097426922756,0.036336777015067545,1.3487726668802322,0.01620451929645138,0.23276720762603773,10.238759981817005,0.6666666666666666,481.0
150,-0.04099771795862983,-0.057925097426922756,0.017968188540061325,0.631772876510755,0.020788496256469263,0.23651714863407658,11.028466737273696,0.625,481.0
200,-0.03723023698227479,-0.057925097426922756,0.021967319571006838,0.8781617748333344,0.023659167536483335,0.2387550514174388,11.669327287679165,0.5416666666666666,481.0
